id	name	type	value	description
10099	Casual Wear	armor_chest	15	Ordinary clothes worn in the kingdom.
10100	Tunic of Ardent Fanatic	armor_chest	10	The attire of merciless exterminators of evil spirits and heresy.
10101	Unseen Mage Robes	armor_chest	10	Created by the idiotic fashionistas of Icemist.
10102	Villainous Mantle	cloak	5900	From the shoulder of the dark villain.
10103	Leather Сloak	armor_chest	2100	Stylish, but long ago decayed and rotten.
10106	Dildo	WEAPON	15	It can also be used in a fight.
10107	Dumbbell	WEAPON	25	In the right hands, it can be a formidable weapon, and maybe not.
10108	Summon girl	SCROLL	1000	Girl for an hour.
10109	Knickers	armor_legs	105	Great pantaloons for training.
10110	Pants	armor_legs	45	Someone's insulated underpants, can be well washed and worn.
10111	Protein Mixed Fodder	POTION	175	This is what athletes eat or feed pigs. Adds +5 to melee attack for 20 seconds.
10112	Drumsticks	WEAPON	700	It seems to be a musical instrument, but you can hit someone on the head with it.
10113	Leather Jacket	armor_chest	3000	Leather jacket of a real rocker!
10114	Vodka	POTION	170	Home-made strong moonshine!(-50hp, +3 to melee attack for 40 sec).
10115	Ethanol	POTION	2000	Adds +100 to melee attack for 3 seconds, -30hp.
10116	Flailing Enemies	WEAPON	11000	The sword of the Elf King, which the sorcerer appropriated for himself.
10117	Magic Phial	necklace	7800	A crystal vessel containing magical light.
10118	Death of Heroes	WEAPON	19000	The weapon of the Lord of Evil.
10119	King Maul	WEAPON	11200	The Sea King's weapon.
10120	Dragon Egg	general	19000	It is very appreciated by collectors of jewelry, the main thing is that no one hatches out of it.
10121	Magic Elixir	POTION	8000	Raises the dead from their graves.
10122	Volyn	WEAPON	1900	Some kind of strange weapon.
10123	Gangster Bit	WEAPON	500	And again, sports equipment turns into a formidable weapon.
10124	Staff of Madman	WEAPON	3400	Even psychos know about powerful weapons.
10125	Chop	SHIELD	3300	A great axe to chop meat or your enemies.
10126	Hell Axe	WEAPON	10	It's time to roast your enemies properly!
10127	Summon of demon	SCROLL	15000	Summon a hefty demon to help for 30 sec!
10128	Exterminator	WEAPON	25000	It's time to exterminate the parasites!
10129	Exterminator	WEAPON	27000	It's time to exterminate the parasites!
10130	Call of Nature	SCROLL	10000	Wildlife is rushing to your aid!
10131	Book of all Knowledge Tome	POTION	50000	The main thing is that the brain does not explode from the flow of information!
10132	Ring of Teleportation	SCROLL	4000	Will send you wherever you want!
10133	Murderous Ring	SCROLL	3000	A desirable thing for suicides!
10134	Armor Heavenly Knights	armor_chest	10	Magically enhanced armor.
10135	Armor God	armor_chest	10	A gift from Three.
10136	Big Fang Basilisk	WEAPON	4800	Any scratch is deadly poisonous.
10137	Little Fang Basilisk	SHIELD	3000	Any scratch is deadly poisonous.
10138	Fire Flurry	WEAPON	10	The cherished dream of any pyromaniac!
10139	Crystal Flame	WEAPON	10	A consecrated crystal that releases flames that burn any undead!
10140	Winter Sadness	WEAPON	19500	Deadly touch of winter.
10141	Blizzard	WEAPON	18000	Plunge your enemies into a steel blizzard!
10142	Shard of Ice	WEAPON	18500	Let the enemies know the pain!
10143	Cold Breath	WEAPON	17000	Snow hurricane of arrows!
10144	Ice Spike	SHIELD	13800	Aiming at the very heart!
10145	Ring Lord of Cold	ring	8600	Tell winter to go away!
10146	White Coat	cloak	2400	Winter cloak made of very warm fur.
10147	Insulated Shoes	armor_feet	2000	The main thing is to keep your feet warm!
10148	Fur Gloves	armor_arms	1600	Though thick, but comfortable.
10149	North Star Orb	SHIELD	8600	An ice sphere with powerful protective charms.
10150	Energy Blade	WEAPON	10500	A blade of the purest energy.
10151	Energy Explorer	POTION	1500	The most powerful means of protection against discharge, gives +90 to the resistance for 2 minutes.
10152	Cloak of Energy	cloak	4100	Complete isolation for walking in a thunderstorm.
10153	Black Leather Armor	armor_chest	10	Every ninja's dream.
10154	Leggings Heavenly Knights	armor_legs	10	Magically enhanced armor.
10155	Boots Heavenly Knights	armor_feet	10	Magically enhanced armor.
10156	Helm Heavenly Knights	armor_head	10	Magically enhanced armor.
10157	Helm God	armor_head	10	A gift from Three.
10158	Leggings of Fashion	armor_legs	10	Enemies will die of envy!
10159	Perfect Boots	armor_feet	10	Beautiful, comfortable, warm and with good protection!
10160	Red robe of Master	armor_chest	10	Magical outfit with energy recharge.
10161	Mantle with Stars	armor_chest	10	It belonged to a stupid powerful wizard.
10162	Black Scales	armor_chest	10	A great find for night outings.
10163	Ice Buckler	SHIELD	10	Durable than it might seem.
10164	Gilded Shield	SHIELD	10	Beautiful and very strong.
10165	Armor Heavenly Knights	armor_chest	4600	Magically enhanced armor.
10166	Leggings Heavenly Knights	armor_legs	2900	Magically enhanced armor.
10167	Boots Heavenly Knights	armor_feet	2200	Magically enhanced armor.
10168	Helm Heavenly Knights	armor_head	2500	Magically enhanced armor.
10169	Shield Heavenly Knights	SHIELD	3000	Magically enhanced armor.
10170	Painful Blade	WEAPON	2100	The executioner's tool.
10171	Heart Thunderstorms	WEAPON	9800	The fury of all the storm accommodates this staff.
10172	Heavenly Gift Orb	SHIELD	8700	A powerful magic shield made of pure energy.
10173	Magic Ancient	general	-1	Despite the new braid, the book is very old written in an unknown language.
10174	Steel Key	general	-1	You found this key on the corpse of captain Greedy, for sure, it is from the hiding place where he kept the stolen gold.
10175	Widowmaker	WEAPON	8300	The old blade is of good quality, but there are some unkind charms in it.
10176	Disgusting Armor	armor_chest	4200	Good armor, but not safe when worn for health.
10177	Disgusting Leggings	armor_legs	2700	Good armor, but not safe when worn for health.
10178	Disgusting Boots	armor_feet	1700	Good boots, you can walk through acid mud without any problems in them.
10179	Disgusting Helm	armor_head	2000	It's a good helmet, but you can suffocate from the stench in it if you don't take it off for a long time.
10180	Plague Hammer	WEAPON	7000	Just from the mere presence of this weapon, enemies will die!
10181	God's Wrath	WEAPON	20000	A weapon worthy of only the most righteous warriors.
10182	Deadlysong	WEAPON	10	The mere sight of this blade fatally strikes all enemies!
10183	Staff Concentration of Power	WEAPON	10	A magical weapon overflowing with destructive power.
10184	Whiff of Fate	WEAPON	10	Every arrow brings imminent death!
10185	Fiery Retribution	WEAPON	10	No one can escape from this flame!
10186	Chilling Doom	WEAPON	10	The cold embrace of winter will take your enemies to a frosty hell!
10187	Solar Disk	WEAPON	10	This light in your hands will incinerate all enemies!
10188	Crown of Lightning	WEAPON	10	This energy is bursting into freedom to bring death to your enemies!
10189	Countenances of Death	WEAPON	10	A tool from the hands of death itself!
10190	Master Gloves	armor_arms	10	It is possible to do absolutely everything in these gloves!
10191	Miracle Ring	ring	10	This precious is yours now!
10192	Heroic Belt	belt	10	Feel like a superhero with this belt!
10193	Dusky Sting	WEAPON	1500	This weapon emits evil energy.
10194	Fatal Cry	WEAPON	2000	This weapon emits evil energy.
10195	Mortal Covering	armor_chest	700	Blessed or cursed light armor.
10196	Black Fang	WEAPON	4500	This claw belonged to a creepy creature, now it will serve you.
10197	Bone Cloak	cloak	6000	The skin of this creature will be very difficult to break through with anything.
10198	Ancestral Sword Braveear	WEAPON	800	A good sword, the engravings on its hilt indicate that it belongs to the Braveear family.
10199	Radiant Shield	SHIELD	2100	The spell of this shield is so strong that it can not only protect the owner, but also hit enemies.
10200	Dragon Slayer	WEAPON	5800	This sword is so huge that it can be used as a shield, but not everyone will be able to shoulder it.
10201	Armor Servant of Light	armor_chest	20700	These armors shine even in the most impenetrable darkness, protecting against the forces of dark evil.
10202	Armor Servant of Light	armor_legs	19100	These armors shine even in the most impenetrable darkness, protecting against the forces of dark evil.
10203	Rays of Righteousness	WEAPON	8300	The Light will burn the wicked to ashes!
10204	Purification	WEAPON	8700	A tool for ridding the world of dark forces.
10205	Solar Pollen	POTION	500	This potion will grant you great strength for a while, but will weaken your defense against dark evil (-80 to resistance to Death, +60 to melee attack for 4 seconds).
10206	Massive Gold Chain	necklace	7000	Attributes of real fellas!
10207	Blessed Tiara of Heaven	armor_head	-1	A powerful artifact of the servants of light.
10208	Ring of Grace	ring	8000	Strong charms against evil forces.
10209	Call of Doom	WEAPON	9000	Disastrous charms that not everyone dares to control.
10210	Platinum Pendant	necklace	10	Accessory for cool heroes.
10211	Tiara Unreal Superiority	armor_head	10	Let all the kingdoms know who is the number one hero!
10212	Super Cloak	cloak	10	Now you can bring justice to any kingdom!
10213	Bow Machine Gun	WEAPON	10	Arrange a shower of arrows for your enemies!
10214	Reforged Steel Dagger	WEAPON	450	This blade was reforged for you by the blacksmith Hilt.
10215	Reforged Steel Shortsword	WEAPON	550	This blade was reforged for you by the blacksmith Hilt.
10216	Reforged Steel Longsword	WEAPON	700	This blade was reforged for you by the blacksmith Hilt.
10217	Reforged Steel Greatsword	WEAPON	800	This sword was reforged for you by the blacksmith Hilt.
10218	Reforged Steel Mace	WEAPON	600	This weapon was reforged for you by the blacksmith Hilt.
10219	Reforged Steel Hammer	WEAPON	550	This weapon was reforged for you by the blacksmith Hilt.
10220	Reforged Steel Maul	WEAPON	900	This weapon was reforged for you by the blacksmith Hilt.
10221	Reforged Steel Axe	WEAPON	560	This weapon was reforged for you by the blacksmith Hilt.
10222	Reforged Steel Greataxe	WEAPON	750	This weapon was reforged for you by the blacksmith Hilt.
10223	Bewitched Steel Dagger	WEAPON	750	This blade was enchanted for you by the enchantress Magnolia.
10224	Bewitched Steel Shortsword	WEAPON	850	This blade was enchanted for you by the enchantress Magnolia.
10225	Bewitched Steel Longsword	WEAPON	1000	This blade was enchanted for you by the enchantress Magnolia.
10226	Bewitched Steel Greatsword	WEAPON	1100	This sword was enchanted for you by the enchantress Magnolia.
10227	Bewitched Steel Mace	WEAPON	900	This weapon was enchanted for you by the enchantress Magnolia.
10228	Bewitched Steel Hammer	WEAPON	850	This weapon was enchanted for you by the enchantress Magnolia.
10229	Bewitched Steel Maul	WEAPON	1200	This weapon was enchanted for you by the enchantress Magnolia.
10230	Bewitched Steel Axe	WEAPON	860	This weapon was enchanted for you by the enchantress Magnolia.
10231	Bewitched Steel Greataxe	WEAPON	1050	This weapon was enchanted for you by the enchantress Magnolia.
10232	Bewitched Steel Dagger	WEAPON	800	This weapon was enchanted for you by the enchantress Magnolia.
10233	Bewitched Steel Shortsword	WEAPON	900	This blade was enchanted for you by the enchantress Magnolia.
10234	Bewitched Steel Longsword	WEAPON	1050	This blade was enchanted for you by the enchantress Magnolia.
10235	Bewitched Steel Greatsword	WEAPON	1150	This sword was enchanted for you by the enchantress Magnolia.
10236	Bewitched Steel Mace	WEAPON	950	This weapon was enchanted for you by the enchantress Magnolia.
10237	Bewitched Steel Hammer	WEAPON	900	This weapon was enchanted for you by the enchantress Magnolia.
10238	Bewitched Steel Maul	WEAPON	1250	This weapon was enchanted for you by the enchantress Magnolia.
10239	Bewitched Steel Axe	WEAPON	910	This weapon was enchanted for you by the enchantress Magnolia.
10240	Bewitched Steel Greataxe	WEAPON	1100	This weapon was enchanted for you by the enchantress Magnolia.
10241	Bewitched Steel Dagger	WEAPON	850	This blade was enchanted for you by the enchantress Magnolia.
10242	Bewitched Steel Shortsword	WEAPON	950	This blade was enchanted for you by the enchantress Magnolia.
10243	Bewitched Steel Longsword	WEAPON	1100	This blade was enchanted for you by the enchantress Magnolia.
10244	Bewitched Steel Greatsword	WEAPON	1200	This sword was enchanted for you by the enchantress Magnolia.
10245	Bewitched Steel Mace	WEAPON	1000	This weapon was enchanted for you by the enchantress Magnolia.
10246	Bewitched Steel Hammer	WEAPON	950	This weapon was enchanted for you by the enchantress Magnolia.
10247	Bewitched Steel Maul	WEAPON	1300	This weapon was enchanted for you by the enchantress Magnolia.
10248	Bewitched Steel Axe	WEAPON	960	This weapon was enchanted for you by the enchantress Magnolia.
10249	Bewitched Steel Greataxe	WEAPON	1150	This weapon was enchanted for you by the enchantress Magnolia.
10250	Beatrice Amulet	necklace	700	This amulet was made for you by the sorceress Beatrice.
10251	Bewitched Steel Dagger	WEAPON	880	This blade was enchanted for you by the enchantress Beatrice.
10252	Bewitched Steel Shortsword	WEAPON	980	This blade was enchanted for you by the enchantress Beatrice.
10253	Bewitched Steel Longsword	WEAPON	1130	This blade was enchanted for you by the enchantress Beatrice.
10254	Bewitched Steel Greatsword	WEAPON	1230	This sword was enchanted for you by the enchantress Beatrice.
10255	Bewitched Steel Mace	WEAPON	1030	This weapon was enchanted for you by the enchantress Beatrice.
10256	Bewitched Steel Hammer	WEAPON	980	This weapon was enchanted for you by the enchantress Beatrice.
10257	Bewitched Steel Maul	WEAPON	1330	This weapon was enchanted for you by the enchantress Beatrice.
10258	Bewitched Steel Axe	WEAPON	990	This weapon was enchanted for you by the enchantress Beatrice.
10259	Bewitched Steel Greataxe	WEAPON	1180	This weapon was enchanted for you by the enchantress Beatrice.
10260	Employment Contract	general	-1	Compiled by Agnius, signed by a hunter who agreed to work for you.
10261	Blessed Steel Dagger	WEAPON	910	This blade was blessed in the temple of the Northern gods.
10262	Blessed Steel Shortsword	WEAPON	1010	This blade was blessed in the temple of the Northern gods.
10263	Blessed Steel Longsword	WEAPON	1160	This blade was blessed in the temple of the Northern gods.
10264	Blessed Steel Greatsword	WEAPON	1260	This sword was blessed in the temple of the Northern gods.
10265	Blessed Steel Mace	WEAPON	1060	This weapon was blessed in the temple of the Northern gods.
10266	Blessed Steel Hammer	WEAPON	1030	This weapon was blessed in the temple of the Northern gods.
10267	Blessed Steel Maul	WEAPON	1360	This weapon was blessed in the temple of the Northern gods.
10268	Blessed Steel Axe	WEAPON	1020	This weapon was blessed in the temple of the Northern gods.
10269	Blessed Steel Greataxe	WEAPON	1210	This weapon was blessed in the temple of the Northern gods.
10270	Bewitched5 Steel Shortsword	WEAPON	1150	This blade was enchanted for you by the magician Ronald.
10271	Bewitched5 Steel Longsword	WEAPON	1300	This blade was enchanted for you by the magician Ronald.
10272	Bewitched5 Steel Greatsword	WEAPON	1400	This sword was enchanted for you by the magician Ronald.
10273	Bewitched Bluesteel Shortsword	WEAPON	2200	This blade was enchanted for you by the magician Ronald.
10274	Bewitched Bluesteel Longsword	WEAPON	2400	This blade was enchanted for you by the magician Ronald.
10275	Bewitched Bluesteel Greatsword	WEAPON	2900	This sword was enchanted for you by the magician Ronald.
10276	Bewitched Adamantite Shortsword	WEAPON	9000	This blade was enchanted for you by the enchantress Magnolia.
10277	Bewitched Adamantite Longsword	WEAPON	9000	This blade was enchanted for you by the enchantress Magnolia.
10278	Bewitched Adamantite Greatsword	WEAPON	13000	This sword was enchanted for you by the enchantress Magnolia.
10279	Huntering bow Scarlett	WEAPON	-1	A great bow for both hunting and battle.
10280	Hunting Knife	WEAPON	1400	With such a knife, you can go to the bear.
10281	Silver Greatsword Anabel	WEAPON	-1	Shiny and beautiful, but maybe too light to be a good weapon.
10282	Blessed Silver Dagger	WEAPON	1460	This blade was blessed in the temple of the Northern gods.
10283	Blessed Steel Shield	SHIELD	4600	This shield was blessed in the temple of the Northern gods.
10284	Remains of prince Vardius	general	-1	Human remains that may belong to prince Vardy.
10285	Teleport	SCROLL	10	Poke the arrow.
10286	Bag with goods	general	-1	A bag with glass bottles containing various liquids, it is quite possible that they are poisonous, so you should not study them.
10287	Crystal of Flame	general	-1	A magic crystal, but you have no idea what it is for, and how to use it.
10288	Charged Crystal of Flame	WEAPON	5000	Now this crystal can release fire charges at your request.
10289	Demonic Crystal	WEAPON	8000	Imbued with demonic power, the crystal now releases more destructive charges.
10290	Fiery Core	general	-1	It looks like this thing is the heart of these creatures.
10291	Pouch of seeds	general	-1	Seeds from ice thistle.
10292	Infernal Scroll	SCROLL	12000	Summon a huge demon to help for 20 seconds.
10293	Thief's Note	general	-1	A note with your address that you found on the thief's corpse.
10294	Snow Cloak	cloak	2500	It will warm you even in the most severe frosts.
10295	Ultimate Punishment	WEAPON	26000	A staff of monstrous power, but its use is harmful to health.
10296	Antithesis	WEAPON	13050	A unique blade combining the charms of the opposite elements.
10297	Energy Shield	SHIELD	12200	Consisting of intangible energy, it will reflect the strongest blow.
10298	Head Smasher	SHIELD	11300	Light in weight, but can deliver powerful blows that paralyze enemies.
10299	Steel Light	WEAPON	13160	Like frozen water, light burning your enemies.
10300	Orb of Unification Elements	SHIELD	10600	Combines protection from several elements at once.
10301	Belt of Good Man	belt	8000	A stylish belt that will not leave you without the attention of others.
10302	Icingdeath	WEAPON	11700	Arrows carrying deadly cold.
10303	Harbinger of Storm	WEAPON	12500	The blade of this unusual sword clearly never needs sharpening.
10304	Steel Key	general	-1	Almost like a brand new key, from some kind of lock.
10305	Patterned Steel Key	general	-1	Perhaps this is the key to the showcase case with the sword.
10306	Manual	general	-1	A scroll from the workshop containing a description of the creation of the item.
10307	Reinforced Potion of Speed	POTION	800	Makes you run faster for 24 seconds.
10308	Fox Tail	general	230	For fashionistas, the very thing.
10309	Deer Antlers	general	300	They will look great on the wall of your house.
10310	Scroll of Wise Man	SCROLL	19400	You will become the main genius of all the kingdoms, but not for long (gain a +100% XP bonus for 10 seconds).
10311	Virtue of Deceased	WEAPON	14500	Uses evil spells for good deeds.
10312	Bite of Viper	WEAPON	1100	Be careful - one scratch and you're dead!
10313	Hardened Leather Cuirass	armor_chest	380	Boiled, hardened leather. Sure it's great protection, but it smells funny.
10314	Hardened Leather Leggings	armor_legs	330	Boiled, hardened leather. Sure it's great protection, but it smells funny.
10315	Chainmail Shirt	armor_chest	830	Protects you, and makes you look cool. Clanks a little, but you get used to that.
10316	Chainmail Leggings	armor_legs	780	Protects you, and makes you look cool. Clanks a little, but you get used to that.
10317	Platemail Vest	armor_chest	2420	Heavy metal plates linked with mail.
10318	Platemail Leggings	armor_legs	2120	Heavy metal plates linked with mail.
10319	Forest Chain Shirt	armor_chest	1180	Light and flexible armor.
10320	Forest Chain Leggings	armor_legs	1080	Light and flexible armor.
10321	Blessed Chain Shirt	armor_chest	1480	What the good guys wear...
10322	Blessed Chain Leggings	armor_legs	1780	Even pants can be righteous.
10323	Tolassian Chain Shirt	armor_chest	2080	Light and flexible armor.
10324	Tolassian Chain Leggings	armor_legs	1680	Light and flexible armor.
10325	Blessed Platemail Vest	armor_chest	8720	What the good guys wear...
10326	Blessed Platemail Leggings	armor_legs	7620	Even pants can be righteous.
10327	Assassin's Cuirass	armor_chest	1860	Light and flexible dark leather armor.
10328	Assassin's Leggings	armor_legs	1600	Light and flexible dark leather armor.
10329	Legion Breastplate	armor_chest	11200	"Mercian plate is considered the best; judging by this piece,  it really is."
10330	Legion Leggings	armor_legs	9100	"Mercian plate is considered the best; judging by this piece,  it really is."
10331	Velites Chain Shirt	armor_chest	4300	Worn by the Legions' elite scouts. 
10332	Velites Chain Leggings	armor_legs	4000	Worn by the Legions' elite scouts. 
10333	Myrosian Breastplate	armor_chest	16220	Myros was a land of fabled blacksmiths, the finest in the Empire.
10334	Myrosian Leggings	armor_legs	13200	Myros was a land of fabled blacksmiths, the finest in the Empire.
10335	Traitor's Chain Shirt	armor_chest	2100	Once worn by those that rebelled against the Empire.
10336	Traitor's Chain Leggings	armor_legs	1700	Once worn by those that rebelled against the Empire.
10337	Ashen Chestplate	armor_chest	20250	The mutant minotaurs of the Wastes still know how to forge armor.
10338	Ashen Leggings	armor_legs	13220	The mutant minotaurs of the Wastes still know how to forge armor.
10339	Laminated Vest	armor_chest	4900	Mechanically joined plates of an unknown metal, crafted with extraordinary perfection.
10340	Kevlar Vest	armor_chest	3250	This armor is not heavier than a coat, yet it hardens like steel when it gets hit.
10341	Conductive Vest	armor_chest	3300	Wondrous plates of an unknown metal shimmer with energy.
10342	Leggings of Shadows	armor_legs	1800	Superb armor, but you hope your crotch doesn't become cursed...
10343	Black Silk Leggings	armor_legs	1760	Sure the minotaurs fill this with more dignity than you.
10344	Hunter's Leggings	armor_legs	3240	Varannari armor made of enchanted bearskin.
10345	Jeweled Breastplate	armor_chest	30400	Golden with inlaid diamonds, worth a king's ransom!
10346	Hunter's Armor	armor_chest	7250	Varannari armor made of enchanted bearskin.
10347	Thuramiam Breastplate	armor_chest	10300	Crafted in the Arcane Forges of Icemist.
10348	Thuramiam Plate Leggings	armor_legs	9260	Crafted in the Arcane Forges of Icemist.
10349	Breastplate of the Forge	armor_chest	9120	Wearing this, flames will just tickle. Okay, not really.
10350	Armor Heavenly Knights	armor_chest	4800	Magically enhanced armor.
10351	Leggings Heavenly Knights	armor_legs	3080	Magically enhanced armor.
10352	Disgusting Armor	armor_chest	4400	Good armor, but not safe when worn for health.
10353	Disgusting Leggings	armor_legs	2880	Good armor, but not safe when worn for health.
10354	Mortal Covering	armor_chest	780	Blessed or cursed light armor.
10355	Armor Servant of Light	armor_chest	21000	These armors shine even in the most impenetrable darkness, protecting against the forces of dark evil.
10356	Armor Servant of Light	armor_legs	19280	These armors shine even in the most impenetrable darkness, protecting against the forces of dark evil.
10357	Wool Scarf	necklace	2300	This is what you need to not catch a cold.
10358	Shiny Cape	cloak	8000	A prestigious and expensive- looking raincoat.
10359	Blue Seaweed	general	110	An unpleasant-looking plant.
10360	Unshakable Pride	WEAPON	16000	The mere sight of this blade will put the enemies to flight.
10361	Satisfier	WEAPON	14000	The shells of this bow will convey your love to anyone.
10362	Dragon's Blood	POTION	900	Coat your blade in this, for +9 toxic damage, -40hp (20 seconds).
10363	Perfect Potion of Resist Toxic	POTION	1100	Grants a +45 bonus for 2 minute, -40hp.
10364	Amulet of Reliability	necklace	5000	The charms of this amulet will make you stronger and tighter.
10365	Some clothes	armor_chest	10	Wear what they give you!
10366	Some clothes	armor_head	10	Wear what they give you!
10367	DRINK ME!	POTION	2	...
10368	DRINK ME!	POTION	2	...
10369	DRINK ME!	POTION	2	...
10370	DRINK ME!	POTION	2	...
10371	DRINK ME!	POTION	2	...
10372	DRINK ME!	POTION	2	...
10373	DRINK ME!	POTION	2	...
10374	DRINK ME!	POTION	2	...
10375	DRINK ME!	POTION	2	...
10376	DRINK ME!	POTION	2	...
10377	DRINK ME!	POTION	2	...
10378	DRINK ME!	POTION	2	...
10379	DRINK ME!	POTION	2	...
10380	DRINK ME!	POTION	2	...
10381	DRINK ME!	POTION	2	...
10382	EAT ME!	POTION	2	...
10383	EAT ME!	POTION	2	...
10384	EAT ME!	POTION	2	...
10385	EAT ME!	POTION	2	...
10386	EAT ME!	POTION	2	...
10387	EAT ME!	POTION	2	...
10388	EAT ME!	POTION	2	...
10389	EAT ME!	POTION	2	...
10390	EAT ME!	POTION	2	...
10391	EAT ME!	POTION	2	...
10392	EAT ME!	POTION	2	...
10393	EAT ME!	POTION	2	...
10394	EAT ME!	POTION	2	...
10395	EAT ME!	POTION	2	...
10396	EAT ME!	POTION	2	...
10397	Mournful Song of Blizzard	WEAPON	8900	A powerful weapon of an unknown warrior-magician who fell in the unexplored mountains.
10398	Eggcutter	WEAPON	4500	An enchanted knife with a short blade, your enemies will be very unlucky if you get close enough to them.
10399	Head of giant bear	general	-1	This beast was monstrously huge!
10400	Troll Scrotum	necklace	-1	They are huge and smelly, just like their former owner. You can wear it around your neck. People will think you're a jerk, but who cares if you're filled with troll power!
10401	Magic Eggs	general	-1	Eggs of an unknown creature endowed with magical power.
10402	Collar of Submission	general	6000	This jewelry is endowed with dark, perverted magic, thanks to it you can take control of any person if you are strong enough, dexterous or smart enough to put it on your victim.
10403	Priest keys	general	-1	Keys to the priest's house.
10404	Magic Key	general	-1	The magic key to remove the magic barrier.
10405	Relic of family Whitetoad	general	-1	An ancient relic passed down from generation to generation, endowed with magical power.
10406	Sack of jewelry	SCROLL	-1	A heavy sack of stolen jewelry.
10407	Tiara of the Seer	armor_head	10900	A rather ancient enchanted thing.
10408	Yellow stone	general	-1	The stone-key from the Temple of Knowledge, which was given to you by Magister Mundrick.
10409	Violet stone	general	-1	The stone-key that you found in the Temple of Knowledge.
10410	Green stone	general	-1	The stone-key that you found in the Temple of Knowledge.
10411	Blue stone	general	-1	The stone-key that you found in the Temple of Knowledge.
10412	Ancient Totem	general	-1	It is clearly an ancient thing, but there is no magic felt, perhaps I'll find someone who can tell me something about it.
10413	The Blood Tree Ring	general	-1	An unknown ancient thing endowed with magical power.
10414	Spotty pelt	general	-1	A strange animal skin, the coloring of which may have been influenced by magic.
10415	Wyvern tail	general	-1	Probably, this creature will grow a new tail.
10416	Yeti paw	general	-1	It eerily resembles not the paw of an animal, but the hand of a man.
10417	Snow leopard pelt	general	350	A rare and quite valuable pelt.
10418	Sting manticore	general	-1	This sting can not just sting, but pierce through you!
10419	Meat ape	general	-1	That doesn't count as cannibalism, does it?
10420	Amulet of druid	general	-1	Perhaps this little thing has some kind of magical power.
10421	Head of ursan	general	-1	It doesn't look any prettier than an ordinary bear's head.
10422	Heart Dragon	general	-1	Its size would clearly be enough to pump out a small lake.
10423	Orb Mundrick	general	-1	The sphere that was borrowed from Magister Mundrick, and must be returned to owner.
10424	Bloody Executioner	WEAPON	13000	The terrifying weapon of the infernal creature.
10425	Shell of Scorpion	SHIELD	9400	No poison in the world will damage this shield.
10426	Inevitability	WEAPON	8900	As a reminder of the inevitability of the end.
10427	Giver of Slumber	WEAPON	8900	As a reminder of the inevitability of the end.
10428	Nasty appendage	SCROLL	110	As a reminder of the inevitability of the end.
10429	Diadem of family Rusthatchet	general	-1	An ancient decoration passed down from generation to generation, endowed with magical power.
10430	Snow flowers	general	-1	Flowers growing far to the north in the Thir mountains.
10431	Instructions	general	-1	Instructions for the ritual of removing the moon curse.
10432	Hermit mage's potion	general	-1	A potion necessary for the ritual of removing the moon curse.
10433	Grin of Snowstorm	WEAPON	6800	An easy-to-handle deadly dagger.
10434	Collection of poems	general	-1	Collection of new poems by the poet Leoric with his autograph.
10435	Incinerating the Darkness	WEAPON	6800	A formidable weapon against all creatures of evil.
10436	Potion of Flash	POTION	10	An enchanted knife with a short blade, your enemies will be very unlucky if you get close enough to them.
10437	Gauntlets Heavenly Knights	armor_arms	2300	Magically enhanced armor.
10438	Disgusting Gauntlets	armor_arms	1500	Good boots, you can walk through acid mud without any problems in them.
10439	Energy Crystal	SHIELD	6500	This crystal energizes your weapon.
10440	Scaly Mantle	armor_chest	4200	The fabric is covered with many small scales, protecting against toxins.
10441	Green Leather Pants	armor_legs	3600	Made of artificial leather, extremely resistant to toxins.
10442	Insulating boots	armor_feet	3000	Covered with a layer of fabric, absorbing energy.
10443	Eye of Tol 2.0	general	-1	A powerful artifact capable of tracking anyone, anywhere.
10444	Rock Breaker	WEAPON	7000	A tool against the particularly diehard.
10445	Armor of Secret Guard	armor_chest	12000	They are simply magnificent in appearance, the armor will also reliably protect you.
10446	Thinker's Argument	WEAPON	4900	When words alone are not enough.
10447	Unremarkable cuirass	armor_chest	10000	This armor is not so simple at first glance.
10448	Flaming lightning	WEAPON	6000	Will burn fire and energy at the same time.
10449	Dominick's Cross	necklace	9600	Will make you as tenacious as Dominick.
10450	Magnificent boots	armor_feet	8800	With these shoes, you will always be the center of attention.
10451	Lightweight Thuramiam Breastplate	armor_chest	9000	Crafted in the Arcane Forges of Icemist.
10452	Thuramiam Shield	SHIELD	5500	Crafted in the Arcane Forges of Icemist.
10453	Blessed Heroic Helm	armor_head	9000	This helm was blessed in the temple of the Northern gods.
10454	Tunic of priest Northern Gods	armor_chest	7500	The robes of the servants of the northern gods.
10455	Shield of Sacred Thought	SHIELD	5500	Extraordinarily powerful charms strengthen your body and mind.
10456	Curse Book of Knowledge Tome	POTION	19000	This knowledge can be both useful and dangerous for you.
10457	Ancient Rags	armor_chest	3100	The decayed mantle still holds strong magic.
10458	Dragon Armor	armor_chest	26000	Armor tempered by the dragon's flame will reliably protect you.
10459	Dragon Helmet	armor_head	8500	It will protect both your skull and your mind.
10460	Enchanted Cloak	cloak	-1	The cloak of a magical knight with a strong enchantment.
10461	Blessed Platemail Armor	armor_chest	-1	It belonged to a dead warrior priest.
10462	Wolf Rune	general	-1	A rune with the image of a wolf, in which magical power is felt.
10463	Cloak of Guard of Honor	cloak	9000	Great honor to be the owner of this cloak.
10464	Bewitched Adamantite Shortsword	WEAPON	9000	This blade was enchanted for you by the enchantress Magnolia.
10465	Bewitched Adamantite Longsword	WEAPON	9000	This blade was enchanted for you by the enchantress Magnolia.
10466	Bewitched Adamantite Greatsword	WEAPON	13000	This sword was enchanted for you by the enchantress Magnolia.
10467	Bewitched Adamantite Shortsword	WEAPON	9000	This blade was enchanted for you by the enchantress Magnolia.
10468	Bewitched Adamantite Longsword	WEAPON	9000	This blade was enchanted for you by the enchantress Magnolia.
10469	Bewitched Adamantite Greatsword	WEAPON	13000	This sword was enchanted for you by the enchantress Magnolia.
10470	Armor of Secret Guard	armor_chest	12200	They are simply magnificent in appearance, the armor will also reliably protect you.
10471	Bewitched Bluesteel Dagger	WEAPON	1500	This blade was enchanted for you by the enchantress Magnolia.
10472	Bewitched Bluesteel Shortsword	WEAPON	1900	This blade was enchanted for you by the enchantress Magnolia.
10473	Bewitched Bluesteel Longsword	WEAPON	2100	This blade was enchanted for you by the enchantress Magnolia.
10474	Bewitched Bluesteel Greatsword	WEAPON	2600	This sword was enchanted for you by the enchantress Magnolia.
10475	Bewitched Bluesteel Mace	WEAPON	1900	This weapon was enchanted for you by the enchantress Magnolia.
10476	Bewitched Bluesteel Hammer	WEAPON	1800	This weapon was enchanted for you by the enchantress Magnolia.
10477	Bewitched Bluesteel Maul	WEAPON	2700	This weapon was enchanted for you by the enchantress Magnolia.
10478	Bewitched Bluesteel Axe	WEAPON	1800	This weapon was enchanted for you by the enchantress Magnolia.
10479	Bewitched Bluesteel Greataxe	WEAPON	2200	This weapon was enchanted for you by the enchantress Magnolia.
10480	Unremarkable cuirass	armor_chest	10200	This armor is not so simple at first glance.
10481	Bewitched Bluesteel Dagger	WEAPON	1550	This blade was enchanted for you by the enchantress Magnolia.
10482	Bewitched Bluesteel Shortsword	WEAPON	1950	This blade was enchanted for you by the enchantress Magnolia.
10483	Bewitched Bluesteel Longsword	WEAPON	2150	This blade was enchanted for you by the enchantress Magnolia.
10484	Bewitched Bluesteel Greatsword	WEAPON	2650	This sword was enchanted for you by the enchantress Magnolia.
10485	Bewitched Bluesteel Mace	WEAPON	1950	This weapon was enchanted for you by the enchantress Magnolia.
10486	Bewitched Bluesteel Hammer	WEAPON	1850	This weapon was enchanted for you by the enchantress Magnolia.
10487	Bewitched Bluesteel Maul	WEAPON	2750	This weapon was enchanted for you by the enchantress Magnolia.
10488	Bewitched Bluesteel Axe	WEAPON	1850	This weapon was enchanted for you by the enchantress Magnolia.
10489	Bewitched Bluesteel Greataxe	WEAPON	3250	This weapon was enchanted for you by the enchantress Magnolia.
10490	Lightweight Thuramiam Breastplate	armor_chest	9200	Crafted in the Arcane Forges of Icemist.
10491	Bewitched Bluesteel Dagger	WEAPON	1600	This blade was enchanted for you by the enchantress Magnolia.
10492	Bewitched Bluesteel Shortsword	WEAPON	2000	This blade was enchanted for you by the enchantress Magnolia.
10493	Bewitched Bluesteel Longsword	WEAPON	2200	This blade was enchanted for you by the enchantress Magnolia.
10494	Bewitched Bluesteel Greatsword	WEAPON	2700	This sword was enchanted for you by the enchantress Magnolia.
10495	Bewitched Bluesteel Mace	WEAPON	2000	This weapon was enchanted for you by the enchantress Magnolia.
10496	Bewitched Bluesteel Hammer	WEAPON	1900	This weapon was enchanted for you by the enchantress Magnolia.
10497	Bewitched Bluesteel Maul	WEAPON	2800	This weapon was enchanted for you by the enchantress Magnolia.
10498	Bewitched Bluesteel Axe	WEAPON	1900	This weapon was enchanted for you by the enchantress Magnolia.
10499	Bewitched Bluesteel Greataxe	WEAPON	2300	This weapon was enchanted for you by the enchantress Magnolia.
10500	Dragon Armor	armor_chest	26200	Armor tempered by the dragon's flame will reliably protect you.
10501	Bewitched Bluesteel Dagger	WEAPON	1650	This blade was enchanted for you by the enchantress Beatrice.
10502	Bewitched Bluesteel Shortsword	WEAPON	2050	This blade was enchanted for you by the enchantress Beatrice.
10503	Bewitched Bluesteel Longsword	WEAPON	2250	This blade was enchanted for you by the enchantress Beatrice.
10504	Bewitched Bluesteel Greatsword	WEAPON	2750	This sword was enchanted for you by the enchantress Beatrice.
10505	Bewitched Bluesteel Mace	WEAPON	2050	This weapon was enchanted for you by the enchantress Beatrice.
10506	Bewitched Bluesteel Hammer	WEAPON	1950	This weapon was enchanted for you by the enchantress Beatrice.
10507	Bewitched Bluesteel Maul	WEAPON	2850	This weapon was enchanted for you by the enchantress Beatrice.
10508	Bewitched Bluesteel Axe	WEAPON	1950	This weapon was enchanted for you by the enchantress Beatrice.
10509	Bewitched Bluesteel Greataxe	WEAPON	2350	This weapon was enchanted for you by the enchantress Beatrice.
10511	Blessed Bluesteel Dagger	WEAPON	1700	This blade was blessed in the temple of the Northern gods.
10512	Blessed Bluesteel Shortsword	WEAPON	2100	This blade was blessed in the temple of the Northern gods.
10513	Blessed Bluesteel Longsword	WEAPON	2300	This blade was blessed in the temple of the Northern gods.
10514	Blessed Bluesteel Greatsword	WEAPON	2800	This sword was blessed in the temple of the Northern gods.
10515	Blessed Bluesteel Mace	WEAPON	2100	This weapon was blessed in the temple of the Northern gods.
10516	Blessed Bluesteel Hammer	WEAPON	2000	This weapon was blessed in the temple of the Northern gods.
10517	Blessed Bluesteel Maul	WEAPON	2900	This weapon was blessed in the temple of the Northern gods.
10518	Blessed Bluesteel Axe	WEAPON	2000	This weapon was blessed in the temple of the Northern gods.
10519	Blessed Bluesteel Greataxe	WEAPON	2400	This weapon was blessed in the temple of the Northern gods.
10520	Bewitched Adamantite Shortsword	WEAPON	9500	This blade was enchanted for you by the enchantress Beatrice.
10521	Bewitched Adamantite Longsword	WEAPON	9500	This blade was enchanted for you by the enchantress Beatrice.
10522	Bewitched Adamantite Greatsword	WEAPON	13500	This sword was enchanted for you by the enchantress Beatrice.
10523	Blessed Adamantite Shortsword	WEAPON	10000	This blade was blessed in the temple of the Northern gods.
10524	Blessed Adamantite Longsword	WEAPON	10000	This blade was blessed in the temple of the Northern gods.
10525	Blessed Adamantite Greatsword	WEAPON	14000	This sword was blessed in the temple of the Northern gods.
10531	Bewitched Short Bow	WEAPON	650	This bow was enchanted for you by the magician Ronald.
10532	Bewitched Hunting Bow	WEAPON	1150	This bow was enchanted for you by the magician Ronald.
10533	Bewitched Oaken Bow	WEAPON	1800	This bow was enchanted for you by the magician Ronald.
10534	Bewitched Hunter's Mark	WEAPON	1700	This bow was enchanted for you by the magician Ronald.
10535	Bewitched Silver Bow	WEAPON	2400	This bow was enchanted for you by the magician Ronald.
10536	Bewitched Jester's Bow	WEAPON	4500	This bow was enchanted for you by the magician Ronald.
10537	Bewitched Composite Bow	WEAPON	5500	This bow was enchanted for you by the magician Ronald.
10541	Bewitched Short Bow	WEAPON	650	This bow was enchanted for you by the magician Ronald.
10542	Bewitched Hunting Bow	WEAPON	1150	This bow was enchanted for you by the magician Ronald.
10543	Bewitched Oaken Bow	WEAPON	1800	This bow was enchanted for you by the magician Ronald.
10544	Bewitched Hunter's Mark	WEAPON	1700	This bow was enchanted for you by the magician Ronald.
10545	Bewitched Silver Bow	WEAPON	2400	This bow was enchanted for you by the magician Ronald.
10546	Bewitched Jester's Bow	WEAPON	4500	This bow was enchanted for you by the magician Ronald.
10547	Bewitched Composite Bow	WEAPON	5500	This bow was enchanted for you by the magician Ronald.
10551	Bewitched Short Bow	WEAPON	650	This bow was enchanted for you by the magician Ronald.
10552	Bewitched Hunting Bow	WEAPON	1150	This bow was enchanted for you by the magician Ronald.
10553	Bewitched Oaken Bow	WEAPON	1800	This bow was enchanted for you by the magician Ronald.
10554	Bewitched Hunter's Mark	WEAPON	1700	This bow was enchanted for you by the magician Ronald.
10555	Bewitched Silver Bow	WEAPON	2400	This bow was enchanted for you by the magician Ronald.
10556	Bewitched Jester's Bow	WEAPON	4500	This bow was enchanted for you by the magician Ronald.
10557	Bewitched Composite Bow	WEAPON	5500	This bow was enchanted for you by the magician Ronald.
10558	Bewitched Staff of Force	WEAPON	640	This staff was enchanted for you by the magician Ronald.
10559	Bewitched Staff of Mighty Missiles	WEAPON	4100	This staff was enchanted for you by the magician Ronald.
10560	Bewitched Staff of the Arcanist	WEAPON	9500	This staff was enchanted for you by the magician Ronald.
10561	Bewitched Staff of Impact	WEAPON	10500	This staff was enchanted for you by the magician Ronald.
10562	Bewitched Staff of Force	WEAPON	640	This staff was enchanted for you by the magician Ronald.
10563	Bewitched Staff of Mighty Missiles	WEAPON	4100	This staff was enchanted for you by the magician Ronald.
10564	Bewitched Staff of the Arcanist	WEAPON	9500	This staff was enchanted for you by the magician Ronald.
10565	Bewitched Staff of Impact	WEAPON	10500	This staff was enchanted for you by the magician Ronald.
10566	Bewitched Staff of Force	WEAPON	640	This staff was enchanted for you by the magician Ronald.
10567	Bewitched Staff of Mighty Missiles	WEAPON	4100	This staff was enchanted for you by the magician Ronald.
10568	Bewitched Staff of the Arcanist	WEAPON	9500	This staff was enchanted for you by the magician Ronald.
10569	Bewitched Staff of Impact	WEAPON	10500	This staff was enchanted for you by the magician Ronald.
10571	Bewitched Oak Wand	WEAPON	1100	This wand was enchanted for you by the magician Ronald.
10572	Bewitched Elm Wand	WEAPON	2900	This wand was enchanted for you by the magician Ronald
10573	Bewitched Invisible Fist	WEAPON	2700	This wand was enchanted for you by the magician Ronald.
10574	Bewitched Wand of the Arcanist	WEAPON	9500	This wand was enchanted for you by the magician Ronald.
10575	Bewitched Wand of Power	WEAPON	8500	This wand was enchanted for you by the magician Ronald.
10576	Bewitched Oak Wand	WEAPON	1100	This wand was enchanted for you by the magician Ronald.
10577	Bewitched Elm Wand	WEAPON	2900	This wand was enchanted for you by the magician Ronald
10578	Bewitched Invisible Fist	WEAPON	2700	This wand was enchanted for you by the magician Ronald.
10579	Bewitched Wand of the Arcanist	WEAPON	9500	This wand was enchanted for you by the magician Ronald.
10580	Bewitched Wand of Power	WEAPON	8500	This wand was enchanted for you by the magician Ronald.
10581	Bewitched Oak Wand	WEAPON	1100	This wand was enchanted for you by the magician Ronald.
10582	Bewitched Elm Wand	WEAPON	2900	This wand was enchanted for you by the magician Ronald
10583	Bewitched Invisible Fist	WEAPON	2700	This wand was enchanted for you by the magician Ronald.
10584	Bewitched Wand of the Arcanist	WEAPON	9500	This wand was enchanted for you by the magician Ronald.
10585	Bewitched Wand of Power	WEAPON	8500	This wand was enchanted for you by the magician Ronald.
10586	Bewitched Silver Dagger	WEAPON	1300	This blade was enchanted for you by the enchantress Magnolia.
10587	Bewitched Silver Shortsword	WEAPON	1400	This blade was enchanted for you by the enchantress Magnolia.
10588	Bewitched Silver Longsword	WEAPON	1500	This blade was enchanted for you by the enchantress Magnolia.
10589	Bewitched Silver Greatsword	WEAPON	1900	This sword was enchanted for you by the enchantress Magnolia.
10590	Bewitched Silver Mace	WEAPON	1400	This weapon was enchanted for you by the enchantress Magnolia.
10591	Bewitched Silver Dagger	WEAPON	1300	This blade was enchanted for you by the enchantress Magnolia.
10592	Bewitched Silver Shortsword	WEAPON	1400	This blade was enchanted for you by the enchantress Magnolia.
10593	Bewitched Silver Longsword	WEAPON	1500	This blade was enchanted for you by the enchantress Magnolia.
10594	Bewitched Silver Greatsword	WEAPON	1900	This sword was enchanted for you by the enchantress Magnolia.
10595	Bewitched Silver Mace	WEAPON	1400	This weapon was enchanted for you by the enchantress Magnolia.
10596	Bewitched Silver Dagger	WEAPON	1300	This blade was enchanted for you by the enchantress Magnolia.
10597	Bewitched Silver Shortsword	WEAPON	1400	This blade was enchanted for you by the enchantress Magnolia.
10598	Bewitched Silver Longsword	WEAPON	1500	This blade was enchanted for you by the enchantress Magnolia.
10599	Bewitched Silver Greatsword	WEAPON	1900	This sword was enchanted for you by the enchantress Magnolia.
10600	Bewitched Silver Mace	WEAPON	1400	This weapon was enchanted for you by the enchantress Magnolia.
10601	Bewitched Silver Dagger	WEAPON	1300	This blade was enchanted for you by the enchantress Beatrice.
10602	Bewitched Silver Shortsword	WEAPON	1400	This blade was enchanted for you by the enchantress Beatrice.
10603	Bewitched Silver Longsword	WEAPON	1500	This blade was enchanted for you by the enchantress Beatrice.
10604	Bewitched Silver Greatsword	WEAPON	1900	This sword was enchanted for you by the enchantress Beatrice.
10605	Bewitched Silver Mace	WEAPON	1400	This weapon was enchanted for you by the enchantress Beatrice.
10606	Blessed Silver Dagger	WEAPON	1300	This blade was blessed in the temple of the Northern gods.
10607	Blessed Silver Shortsword	WEAPON	1400	This blade was blessed in the temple of the Northern gods.
10608	Blessed Silver Longsword	WEAPON	1500	This blade was blessed in the temple of the Northern gods.
10609	Blessed Silver Greatsword	WEAPON	1900	This sword was blessed in the temple of the Northern gods.
10610	Blessed Silver Mace	WEAPON	1400	This weapon was blessed in the temple of the Northern gods.
10611	Baffle	WEAPON	6900	Will make your enemies suffer.
10612	Electrically Charged Crown	armor_head	4500	And sparks dance around the mouth.
10613	Bloodsucker	WEAPON	4100	Even though your defense will weaken, the enemies will still not have a chance to survive.
10614	Heart Dragon	general	-1	Its size would clearly be enough to pump out a small lake.
10615	Rosary beads around neck	necklace	3000	So that bro respect you.
10616	Axe of the Bull's Dick	WEAPON	5100	A great axe to cut someone on sausage!
10617	Steel Key	general	-1	Almost like a brand new key, from some kind of lock.
10618	Head of bear costume	general	-1	An elaborately crafted head from a bear costume.
10619	Head of bear	general	-1	Now this bear is not destined to suck a paw or eat people.
10620	Magical Artifact	general	-1	A strange looking thing, you have no idea why a wizard would need it.
10621	Enchanted Dagger	WEAPON	1110	A knife with special charms against outsiders.
10622	Head of Goblin King	general	-1	Even the grave can't fix this scarecrow.
10623	Shocker	WEAPON	4000	An unusual-looking dagger that constantly exudes energy.
10624	Opa	WEAPON	10	Opa.
10625	Lionskin Cuirass	armor_chest	3000	Hear me roar!
10626	Test	WEAPON	10	Test.
10627	Basilisk's Eye	SHIELD	9500	His energy can paralyze enemies.
10628	Steel Key	general	-1	You found this key near the remains of a prisoner, perhaps it will open the way to one of the closed sections of the lower tier of the tower.
10629	Steel Key	general	-1	This key will open the way to another one closed section of the lower tier of the tower.
10630	Steel Key	general	-1	This is the key to the locked bedroom.
10631	Steel Key	general	-1	With this key, can get into the closed section of the lower tier of the tower.
10632	Steel Key	general	-1	This key will open the way to the top of the tower.
10633	Magical Key	general	-1	This is the key to wizard's cabinet.
10634	Small tile	general	-1	A strange tile with many ledges on one side, perhaps it is part of the mechanism on the upper tier of the tower.
10635	Magical Key	general	-1	The Pseudo Sphinx gave you the key..
10636	Crown of the Dragon Lord	armor_head	-1	A relic of the dragon people, but dangerous to humans when worn.
10637	Substrate	general	-1	Foreign energy collected from outsiders.
10638	Dragon Elixir	SCROLL	2500	A gift from a magician's apprentice, with which you can summon a special protector.
10639	Elemental Shield	SHIELD	4000	A shield with strong magical protection.
10640	Belt of Genius	belt	5500	This thing will make you smarter.
10641	Cloak of Magical Recharge	cloak	9000	This thing won't let your magic power run out.
10642	Substrate	general	-1	Foreign energy collected from outsiders.
10643	Thunderstorm Squall	WEAPON	11100	It will roast and chop your enemies well.
10644	Zeref's Mantle	armor_chest	6000	This man knew how to dress well.
10645	Staff of Balthasar	WEAPON	19000	It looks like the staff was created by the magician himself.
10646	Magician's Apprentice Gloves	armor_arms	4500	He was a very capable apprentice.
10647	Magic Stone	general	-1	This artifact was given to you by Zeref, with the help of it he will be able to teleport to you.
10648	Chastity Belt	belt	11000	It'll make a pussy out of you, but with a hard punch.
10649	Bewitched Unshakable Pride	WEAPON	16700	This sword was enchanted for you by the enchantress Magnolia.
10650	Bewitched Unshakable Pride	WEAPON	16700	This sword was enchanted for you by the enchantress Magnolia.
10651	Bewitched Unshakable Pride	WEAPON	16700	This sword was enchanted for you by the enchantress Magnolia.
10652	Bewitched Unshakable Pride	WEAPON	16700	This sword was enchanted for you by the enchantress Beatrice.
10653	Bewitched Thief's Blade	WEAPON	800	This sword was enchanted for you by the enchantress Magnolia.
10654	Bewitched Thief's Blade	WEAPON	800	This sword was enchanted for you by the enchantress Magnolia.
10655	Bewitched Thief's Blade	WEAPON	800	This sword was enchanted for you by the enchantress Magnolia.
10656	Bewitched Thief's Blade	WEAPON	850	This sword was enchanted for you by the enchantress Beatrice.
10657	Blessed Thief's Blade	WEAPON	1000	This blade was blessed in the temple of the Northern gods.
10658	Bewitched Corsair Falchion	WEAPON	2500	This sword was enchanted for you by the enchantress Magnolia.
10659	Bewitched Corsair Falchion	WEAPON	2500	This sword was enchanted for you by the enchantress Magnolia.
10660	Bewitched Corsair Falchion	WEAPON	2500	This sword was enchanted for you by the enchantress Magnolia.
10661	Bewitched Corsair Falchion	WEAPON	2650	This sword was enchanted for you by the enchantress Beatrice.
10662	Blessed Corsair Falchion	WEAPON	2700	This blade was blessed in the temple of the Northern gods.
10663	Bewitched Sharp Orc Knife	WEAPON	680	This weapon was enchanted for you by the enchantress Magnolia.
10664	Bewitched Sharp Orc Knife	WEAPON	680	This weapon was enchanted for you by the enchantress Magnolia.
10665	Bewitched Sharp Orc Knife	WEAPON	680	This weapon was enchanted for you by the enchantress Magnolia.
10666	Bewitched Sharp Orc Knife	WEAPON	730	This weapon was enchanted for you by the enchantress Beatrice.
10667	Blessed Sharp Orc Knife	WEAPON	780	This weapon was blessed in the temple of the Northern gods.
10668	Bewitched Hunter's Fang	WEAPON	950	This weapon was enchanted for you by the enchantress Magnolia.
10669	Bewitched Hunter's Fang	WEAPON	950	This weapon was enchanted for you by the enchantress Magnolia.
10670	Bewitched Hunter's Fang	WEAPON	950	This weapon was enchanted for you by the enchantress Magnolia.
10671	Bewitched Hunter's Fang	WEAPON	1000	This weapon was enchanted for you by the enchantress Beatrice.
10672	Blessed Hunter's Fang	WEAPON	1050	This weapon was blessed in the temple of the Northern gods.
10673	Bewitched Sacrificial Dagger	WEAPON	1100	This blade was enchanted for you by the enchantress Magnolia.
10674	Bewitched Sacrificial Dagger	WEAPON	1100	This blade was enchanted for you by the enchantress Magnolia.
10675	Bewitched Sacrificial Dagger	WEAPON	1100	This blade was enchanted for you by the enchantress Magnolia.
10676	Bewitched Sacrificial Dagger	WEAPON	1150	This blade was enchanted for you by the enchantress Beatrice.
10677	Blessed Sacrificial Dagger	WEAPON	1200	This blade was blessed in the temple of the Northern gods.
10678	Bewitched Devourer Sting	WEAPON	5500	This weapon was enchanted for you by the enchantress Magnolia.
10679	Bewitched Devourer Sting	WEAPON	5500	This weapon was enchanted for you by the enchantress Magnolia.
10680	Bewitched Devourer Sting	WEAPON	5500	This weapon was enchanted for you by the enchantress Magnolia.
10681	Bewitched Devourer Sting	WEAPON	5550	This weapon was enchanted for you by the enchantress Beatrice.
10682	Blessed Devourer Sting	WEAPON	5600	This weapon was blessed in the temple of the Northern gods.
10683	Bewitched Ancient Fang	WEAPON	3300	This weapon was enchanted for you by the enchantress Magnolia.
10684	Bewitched Ancient Fang	WEAPON	3300	This weapon was enchanted for you by the enchantress Magnolia.
10685	Bewitched Ancient Fang	WEAPON	3300	This weapon was enchanted for you by the enchantress Magnolia.
10686	Bewitched Ancient Fang	WEAPON	3350	This weapon was enchanted for you by the enchantress Beatrice.
10687	Blessed Ancient Fang	WEAPON	3400	This weapon was blessed in the temple of the Northern gods.
10688	Bewitched Orcslicer	WEAPON	2800	This sword was enchanted for you by the enchantress Magnolia.
10689	Bewitched Orcslicer	WEAPON	2800	This sword was enchanted for you by the enchantress Magnolia.
10690	Bewitched Orcslicer	WEAPON	2800	This sword was enchanted for you by the enchantress Magnolia.
10691	Bewitched Orcslicer	WEAPON	2850	This sword was enchanted for you by the enchantress Beatrice.
10692	Blessed Orcslicer	WEAPON	2900	This sword was blessed in the temple of the Northern gods.
10693	Bewitched Righteousness	WEAPON	6500	This sword was enchanted for you by the enchantress Magnolia.
10694	Bewitched Righteousness	WEAPON	6500	This sword was enchanted for you by the enchantress Magnolia.
10695	Bewitched Righteousness	WEAPON	6500	This sword was enchanted for you by the enchantress Magnolia.
10696	Bewitched Righteousness	WEAPON	6550	This sword was enchanted for you by the enchantress Beatrice.
10697	Blessed Righteousness	WEAPON	6600	This sword was blessed in the temple of the Northern gods.
10698	Bewitched Bonegrinder	WEAPON	4100	This weapon was enchanted for you by the enchantress Magnolia.
10699	Bewitched Bonegrinder	WEAPON	4100	This weapon was enchanted for you by the enchantress Magnolia.
10700	Bewitched Bonegrinder	WEAPON	4100	This weapon was enchanted for you by the enchantress Magnolia.
10701	Bewitched Bonegrinder	WEAPON	4150	This weapon was enchanted for you by the enchantress Beatrice.
10702	Blessed Bonegrinder	WEAPON	4200	This weapon was blessed in the temple of the Northern gods.
10703	Bewitched Beastgrinder	WEAPON	3500	This weapon was enchanted for you by the enchantress Magnolia.
10704	Bewitched Beastgrinder	WEAPON	3500	This weapon was enchanted for you by the enchantress Magnolia.
10705	Bewitched Beastgrinder	WEAPON	3500	This weapon was enchanted for you by the enchantress Magnolia.
10706	Bewitched Beastgrinder	WEAPON	3550	This weapon was enchanted for you by the enchantress Beatrice.
10707	Blessed Beastgrinder	WEAPON	3600	This weapon was blessed in the temple of the Northern gods.
10708	Bewitched Bone Mace	WEAPON	2100	This weapon was enchanted for you by the enchantress Magnolia.
10709	Bewitched Bone Mace	WEAPON	2100	This weapon was enchanted for you by the enchantress Magnolia.
10710	Bewitched Bone Mace	WEAPON	2100	This weapon was enchanted for you by the enchantress Magnolia.
10711	Bewitched Bone Mace	WEAPON	2150	This weapon was enchanted for you by the enchantress Beatrice.
10712	Blessed Bone Mace	WEAPON	2200	This weapon was blessed in the temple of the Northern gods.
10713	Bewitched Mystic Bone Mace	WEAPON	4000	This weapon was enchanted for you by the enchantress Magnolia.
10714	Bewitched Mystic Bone Mace	WEAPON	4000	This weapon was enchanted for you by the enchantress Magnolia.
10715	Bewitched Mystic Bone Mace	WEAPON	4000	This weapon was enchanted for you by the enchantress Magnolia.
10716	Bewitched Mystic Bone Mace	WEAPON	4050	This weapon was enchanted for you by the enchantress Beatrice.
10717	Blessed Mystic Bone Mace	WEAPON	4100	This weapon was blessed in the temple of the Northern gods.
10718	Bewitched Heavy Scimitar	WEAPON	3200	This sword was enchanted for you by the enchantress Magnolia.
10719	Bewitched Heavy Scimitar	WEAPON	3200	This sword was enchanted for you by the enchantress Magnolia.
10720	Bewitched Heavy Scimitar	WEAPON	3200	This sword was enchanted for you by the enchantress Magnolia.
10721	Bewitched Heavy Scimitar	WEAPON	3250	This sword was enchanted for you by the enchantress Beatrice.
10722	Blessed Heavy Scimitar	WEAPON	3300	This sword was blessed in the temple of the Northern gods.
10723	Bewitched Bone Maul	WEAPON	1900	This weapon was enchanted for you by the enchantress Magnolia.
10724	Bewitched Bone Maul	WEAPON	1900	This weapon was enchanted for you by the enchantress Magnolia.
10725	Bewitched Bone Maul	WEAPON	1900	This weapon was enchanted for you by the enchantress Magnolia.
10726	Bewitched Bone Maul	WEAPON	1950	This weapon was enchanted for you by the enchantress Beatrice.
10727	Blessed Bone Maul	WEAPON	2000	This weapon was blessed in the temple of the Northern gods.
10728	Bewitched Maul of Terror	WEAPON	8500	This weapon was enchanted for you by the enchantress Magnolia.
10729	Bewitched Maul of Terror	WEAPON	8500	This weapon was enchanted for you by the enchantress Magnolia.
10730	Bewitched Maul of Terror	WEAPON	8500	This weapon was enchanted for you by the enchantress Magnolia.
10731	Bewitched Maul of Terror	WEAPON	8550	This weapon was enchanted for you by the enchantress Beatrice.
10732	Blessed Maul of Terror	WEAPON	8600	This weapon was blessed in the temple of the Northern gods.
10733	Bewitched Gurgurth's Maul	WEAPON	5500	This weapon was enchanted for you by the enchantress Magnolia.
10734	Bewitched Gurgurth's Maul	WEAPON	5500	This weapon was enchanted for you by the enchantress Magnolia.
10735	Bewitched Gurgurth's Maul	WEAPON	5500	This weapon was enchanted for you by the enchantress Magnolia.
10736	Bewitched Gurgurth's Maul	WEAPON	5550	This weapon was enchanted for you by the enchantress Beatrice.
10737	Blessed Gurgurth's Maul	WEAPON	5600	This weapon was blessed in the temple of the Northern gods.
10738	Bewitched Minotaur Axe	WEAPON	1700	This weapon was enchanted for you by the enchantress Magnolia.
10739	Bewitched Minotaur Axe	WEAPON	1700	This weapon was enchanted for you by the enchantress Magnolia.
10740	Bewitched Minotaur Axe	WEAPON	1700	This weapon was enchanted for you by the enchantress Magnolia.
10741	Bewitched Minotaur Axe	WEAPON	1750	This weapon was enchanted for you by the enchantress Beatrice.
10742	Blessed Minotaur Axe	WEAPON	1800	This weapon was blessed in the temple of the Northern gods.
10743	Bewitched Executioner's Axe	WEAPON	4500	This weapon was enchanted for you by the enchantress Magnolia.
10744	Bewitched Executioner's Axe	WEAPON	4500	This weapon was enchanted for you by the enchantress Magnolia.
10745	Bewitched Executioner's Axe	WEAPON	4500	This weapon was enchanted for you by the enchantress Magnolia.
10746	Bewitched Executioner's Axe	WEAPON	4550	This weapon was enchanted for you by the enchantress Beatrice.
10747	Blessed Executioner's Axe	WEAPON	4600	This weapon was blessed in the temple of the Northern gods.
10748	Bewitched Axe of the Depths	WEAPON	3500	This weapon was enchanted for you by the enchantress Magnolia.
10749	Bewitched Axe of the Depths	WEAPON	3500	This weapon was enchanted for you by the enchantress Magnolia.
10750	Bewitched Axe of the Depths	WEAPON	3500	This weapon was enchanted for you by the enchantress Magnolia.
10751	Bewitched Axe of the Depths	WEAPON	3550	This weapon was enchanted for you by the enchantress Beatrice.
10752	Blessed Axe of the Depths	WEAPON	3600	This weapon was blessed in the temple of the Northern gods.
10753	Snow Dreams	WEAPON	17500	This magic grants your enemies eternal sleep.
10754	Cold Dawn	WEAPON	19000	For some, the dawn will not come.
10755	Staff of Ice Tree	WEAPON	10500	Life seemed to be pulsing in the frozen tree.
10756	Shining Armor	armor_chest	10000	In this armor, you are not afraid of any evil spirits.
10757	Shining Armor	armor_legs	9100	In this armor, you are not afraid of any evil spirits.
10758	Shining Helm	armor_head	8500	The undead will run away from this light in a panic!
10759	Fists of Rage	armor_arms	7700	With these gloves, you will break not only bricks with your bare hands, but also the faces of your enemies!
10760	Frankie's Carapace	armor_chest	13000	It's going to be hard to break through this thing with anything.
10761	Magnificent Bow	WEAPON	10500	Even a blind man with this bow will become a dangerous shooter.
10762	Scroll of Demonic Trinity	SCROLL	10000	Summons a hellish trio of helpers.
10763	pop1	WEAPON	30	Foreign energy collected from outsiders.
10764	Truth-teller	WEAPON	21600	To verify the truth of judgments.
10765	Armor of Rage	armor_chest	3200	They give you vitality, making you unstoppable.
10766	Adaon	WEAPON	10	Your loyal comrade will always have your back, the main thing is that you can't beat off his last brains!
10767	Shadow Reaper	WEAPON	8800	Your enemies won't even have time to figure out what killed them.
10768	Moray Eel's Fang	SHIELD	6000	Deadly poisonous light and short blade.
10769	Reforged Legion Breastplate	armor_chest	12500	The re-hardening of the steel has made this armor stronger.
10770	Reinforced Velites Chain Shirt	armor_chest	6200	The rings of this chain mail were replaced with more durable ones.
10771	Fishing gear	general	-1	Lots of tools for fishing in the open sea.
10772	Killing Power	WEAPON	9000	What is the power, brother? In power!
10773	Blazing Sunset	WEAPON	6800	Each blow will mercilessly burn the enemies.
10774	Raining Fire	WEAPON	7100	Burn your enemies completely!
10775	Ray of Sun	WEAPON	6000	Brings retribution to the wicked.
10776	Sacrifice	WEAPON	-1	It's a deadly weapon, but using it will take away some of your life force.
10777	Magnificent Staff	WEAPON	12500	Any mediocre magician with this staff will become great.
10778	Moon Madness	WEAPON	14500	Nightmares are becoming a deadly reality.
10779	Stellar Wrecker	WEAPON	19600	Weapons piercing the firmament will sweep away all enemies from your path.
10780	Blinding Fury of Heaven	WEAPON	18000	Like the cold flame of heaven, it will turn your enemies to ashes.
10781	Dusky Silk	cloak	4000	The cape looks like it's woven from darkness.
10782	Created by light Robe	armor_chest	5200	Light and threads intertwined in the creation of this mantle.
10783	Wall-Punch	WEAPON	9500	A staff for creating very powerful missiles.
10784	Winter bear pelt	general	300	Another Umka is left without a mom or dad.
10785	Dissecting the Firmament	WEAPON	16800	There are no obstacles for this blade that it cannot dissect.
10786	Ideal Unshakable Pride	WEAPON	19700	Imbued with divine power, this sword became even more powerful.
10787	Shard of Star	necklace	2000	The remnants of the star's light will continue to illuminate your path.
10788	Dragon Amulet	necklace	10000	An artfully crafted piece with a powerful charms.
10789	Grave Friend	WEAPON	19000	A reliable blade of a great warrior who remained faithful to him even after death.
10790	Hand of Death	WEAPON	21900	He still retains the memory of terrible atrocities.
10791	Sylvia's Ring	ring	8000	The ring is filled with strong witch magic.
10792	Crown of the Dragon Lord	armor_head	19000	Forged from an ancient magical artifact, this item grants you extraordinary wisdom.
10793	Epilogue	WEAPON	10000	It will erase the last moment of your enemies.
10794	Wolf Signet	ring	-1	The ancestral ring of House Storme.
10795	Wolf Armor	armor_chest	15000	The ancestral armor of House Storme.
10796	Straight Razor	WEAPON	8500	Your enemies won't have to be bored.
10797	Teddy Bear	belt	17000	Your faithful mascot.
10798	Berserker Armor	armor_chest	19000	It will allow you to live in battle a little longer.
10799	Berserker Armor	armor_legs	11000	It will allow you to live in battle a little longer.
10800	Eviscerator	WEAPON	8500	A weapon filled with centuries-old malice.
10801	Dark Potion of Death Ward	POTION	1200	Grants a +90 bonus to Death resistance for 2 min, -20 bonus to Spirit Resistance, -55HP.
10802	Potion of Evil Might	POTION	1100	Will add +12 to attacks for 20 seconds, -20 bonus to Spirit Resistance, -55HP death.
10803	Light Potion of Dark	POTION	1300	Grants a +40 bonus to Spirit Resistance for 1 min, -80 bonus to Death resistance, -55HP death.
10804	Dark Potion of Healing	POTION	750	Will heal a total of 120, -50 bonus to Death resistance for 30 seconds.
10805	Dark Potion of Mana	POTION	1100	Recovers +95 mana, -50 bonus to Death resistance for 30 seconds.
10806	Dark Scroll	SCROLL	800	Raises undead to level 18 for 1 minute, -20 bonus to Spirit Resistance.
10807	Ancient Seal	general	-1	An artifact filled with extraordinary power.
10808	Michaela's favorite panties	general	-1	Vorators are embroidered on them, and the open mouth of one of them was in the most unexpected place..
10809	Mikaela's autograph	SCROLL	9800	As a loyal Mika fan, you can always count on the support of her other fans.
10810	Girdle of Endurance	belt	19000	It will make you stronger.
10811	Little Claws	SHIELD	1000	Ridiculously small, but still dangerous.
10812	Bewitched Shortsword	WEAPON	2600	Magically enhanced weapon.
10813	Bewitched Longsword	WEAPON	3000	Magically enhanced weapon.
10814	Bewitched Greatsword	WEAPON	3800	Magically enhanced weapon.
10815	Bewitched Maul	WEAPON	3900	Magically enhanced weapon.
10816	Bewitched Greataxe	WEAPON	3400	Magically enhanced weapon.
10817	Bewitched Longbow	WEAPON	2900	Magically enhanced weapon.
10818	Bewitched Greatbow	WEAPON	3300	Magically enhanced weapon.
10819	Bewitched Axe	WEAPON	2800	Magically enhanced weapon.
10820	Bewitched Staff	WEAPON	9100	Magically enhanced weapon.
10821	Bewitched Dagger	WEAPON	2200	Magically enhanced weapon.
10822	Imperial Platemail Vest	armor_chest	12300	A good copy of the famous armor.
10823	Imperial Platemail Leggings	armor_legs	10800	A good copy of the famous armor.
10824	Imperial Platemail Gauntlets	armor_arms	7100	A good copy of the famous armor.
10825	Imperial Platemail Boots	armor_feet	7600	A good copy of the famous armor.
10826	Imperial Platemail Helm	armor_head	6600	A good copy of the famous armor.
10827	Elite Myrosian Breastplate	armor_chest	57000	A unique example of the armor of the blacksmiths of Miros, it is unlikely that similar ones exist anywhere else.
10828	Elite Myrosian Leggings	armor_legs	44000	A unique example of the armor of the blacksmiths of Miros, it is unlikely that similar ones exist anywhere else.
10829	Fiery Sting	WEAPON	8800	An enchanted blade, clearly from Imperial times.
10830	Necromancer's Book	general	-1	An old-looking book written in a language you don't understand, probably the one the governor asked you to bring.
10831	Letter	general	-1	A message that needs to be delivered to the settlement in the Royal Forest.
10832	Steel Key	general	-1	Probably from the cage where Evelina was locked up.
10833	Orc Axe	WEAPON	1700	You might be able to kill someone with it, but not with the first hit or the tenth.
10834	Evening Flare	WEAPON	6000	An elaborately decorated staff that holds destructive energy.
10835	Metal Pants	armor_legs	2400	Orcs know very well which place needs to be protected best.
10836	Wooden Longsword	WEAPON	6000	Although the blade of this sword is made of wood, it is extremely durable and sharp.
10837	Wooden Greatsword	WEAPON	9700	Although the blade of this sword is made of wood, it is extremely durable and sharp.
10838	Shield of Living Wood	SHIELD	4800	A very sturdy shield made of tightly woven branches.
10839	Fragment of Magic Map	general	-1	A part of a magic map that can be used to find an ancient hiding place.
10840	Magic Map	general	-1	Magic map that can help you find an ancient hiding place.
10841	Ring of Imperial Wisdom	ring	9900	Perhaps there were smarter people in the past, but we can't verify that..
10842	Eveline's Staff	WEAPON	18300	A beautifully decorated staff belonging to Princess Evelina Lightwind.
10843	Glowing Stone	general	-1	A strange stone emitting a faint light.
10844	Burning Dream	WEAPON	12500	The enchantment of this sword will burn away all evil.
10845	Fiery Skull	WEAPON	10800	A unique, enchanted hammer forged in the shape of a skull.
10846	Book of Royal Wisdom	SHIELD	9700	It gives you knowledge that you have never had before, if you can read.
10847	Old Coin	general	-1	This coin was given to you by Prince Alarion in case you need to contact him urgently. You must show it to the innkeeper at tavern "Cheerful Passerby" in Istril.
10848	Pestilence Trail	WEAPON	8900	An enchanted blade, clearly from Imperial times.
10849	Pestilence Tangency	WEAPON	9800	An enchanted blade, clearly from Imperial times.
10850	Skull of Priest	general	-1	Even after being re-dead, this thing seems to still be alive.
10851	Black Armor	armor_chest	27000	Cursed armor, only the bravest dare to wear it.
10852	Black Armor	armor_legs	19000	Cursed armor, only the bravest dare to wear it.
10853	Scroll of Love	SCROLL	14000	This world is worthy of your love!
10854	Animal Amulet	necklace	15000	The animal instincts contained in this amulet will protect you.
10855	Soulcatcher	WEAPON	17100	All the souls taken by this sword will make you invincible.
10856	Wolfish Ferocity	WEAPON	12000	The eternal hunger of the owner of this blade will force him to kill constantly.
10857	Nimble Teeth	WEAPON	9000	These are clearly not children's toys!
10858	Lovebringer	WEAPON	20000	Love will rule this world with your help!
10859	Tormentor	WEAPON	22000	Let all living beings suffer, for pain is the essence of existence!
10860	Whirl of Death	WEAPON	25000	Spin in a deadly whirlwind, only death has meaning.
10861	Devotion	WEAPON	13700	A fine blade, clearly from imperial times, with strong enchantments.
10862	Black Helmet	armor_head	18000	Cursed armor, only the bravest dare to wear it.
10863	Frailty	WEAPON	9900	If everything is mortal, then hasten their demise.
10864	Certificate of Merit from Tavern	SCROLL	1400000	The EK community is proud of you! You get an endless supply of pipisa!
10865	Certificate of Merit from Ilmara	SCROLL	400000	For the perfect ability to use intervention!
10866	Green Leather Pants	armor_legs	3780	Made of artificial leather, extremely resistant to toxins.
10867	Tunic of priest Northern Gods	armor_chest	7700	The robes of the servants of the northern gods.
10868	Ancient Rags	armor_chest	3300	The decayed mantle still holds strong magic.
10869	Zeref's Mantle	armor_chest	6200	This man knew how to dress well.
10870	Shining Armor	armor_chest	10200	In this armor, you are not afraid of any evil spirits.
10871	Shining Armor	armor_legs	9280	In this armor, you are not afraid of any evil spirits.
10872	Frankie's Carapace	armor_chest	13200	It's going to be hard to break through this thing with anything.
10873	Armor of Rage	armor_chest	3400	They give you vitality, making you unstoppable.
10874	Reforged Legion Breastplate	armor_chest	12700	The re-hardening of the steel has made this armor stronger.
10875	Reinforced Velites Chain Shirt	armor_chest	6400	The rings of this chain mail were replaced with more durable ones.
10876	Created by light Robe	armor_chest	5400	Light and threads intertwined in the creation of this mantle.
10877	Wolf Armor	armor_chest	15200	The ancestral armor of House Storme.
10878	Berserker Armor	armor_chest	19200	It will allow you to live in battle a little longer.
10879	Berserker Armor	armor_legs	11180	It will allow you to live in battle a little longer.
10880	Elite Myrosian Breastplate	armor_chest	57200	A unique example of the armor of the blacksmiths of Miros, it is unlikely that similar ones exist anywhere else.
10881	Elite Myrosian Leggings	armor_legs	44180	A unique example of the armor of the blacksmiths of Miros, it is unlikely that similar ones exist anywhere else.
10882	Metal Pants	armor_legs	2580	Orcs know very well which place needs to be protected best.
10883	Black Armor	armor_chest	27200	Cursed armor, only the bravest dare to wear it.
10884	Black Armor	armor_legs	19180	Cursed armor, only the bravest dare to wear it.
10885	Imperial Platemail Vest	armor_chest	12500	A good copy of the famous armor.
10886	Imperial Platemail Leggings	armor_legs	10980	A good copy of the famous armor.
10887	Scaly Mantle	armor_chest	4400	The fabric is covered with many small scales, protecting against toxins.
10888	Bewitched Dildo	WEAPON	515	This thing was enchanted for you by the enchantress Magnolia.
10889	Bewitched Dildo	WEAPON	515	This thing was enchanted for you by the enchantress Magnolia.
10890	Bewitched Dildo	WEAPON	515	This thing was enchanted for you by the enchantress Magnolia.
10891	Bewitched Dildo	WEAPON	565	This thing was enchanted for you by the enchantress Beatrice.
10892	Impressive Dignity	WEAPON	14000	Small but good. Instills fear in enemies, just like an older brother.
10893	Magical musical artifact	general	-1	A beautiful-looking artifact that can memorize sounds, but you have no idea how to use it.
10894	Ice Tree	WEAPON	9500	Although the blade of this sword is made of wood, it is extremely durable and sharp.
10895	Ice Shield	SHIELD	5200	The shield looks like it's made of ice, but it's also very durable.
10896	Bewitched Impressive Dignity	WEAPON	14500	This weapon was enchanted for you by the enchantress Magnolia.
10897	Bewitched Impressive Dignity	WEAPON	14500	This weapon was enchanted for you by the enchantress Magnolia.
10898	Bewitched Impressive Dignity	WEAPON	14500	This weapon was enchanted for you by the enchantress Magnolia.
10899	Bewitched Impressive Dignity	WEAPON	14600	This weapon was enchanted for you by the enchantress Beatrice.
10900	Fir	general	-1	A fir for a holiday.
10901	Bewitched Gangster Bit	WEAPON	1000	This weapon was enchanted for you by the enchantress Magnolia.
10902	Bewitched Gangster Bit	WEAPON	1000	This weapon was enchanted for you by the enchantress Magnolia.
10903	Bewitched Gangster Bit	WEAPON	1000	This weapon was enchanted for you by the enchantress Magnolia.
10904	Bewitched Gangster Bit	WEAPON	1050	This weapon was enchanted for you by the enchantress Beatrice.
10905	Blessed Gangster Bit	WEAPON	1100	This weapon was blessed in the temple of the Northern gods.
10906	Bewitched Widowmaker	WEAPON	8800	This sword was enchanted for you by the enchantress Magnolia.
10907	Bewitched Widowmaker	WEAPON	8800	This sword was enchanted for you by the enchantress Magnolia.
10908	Bewitched Widowmaker	WEAPON	8800	This sword was enchanted for you by the enchantress Magnolia.
10909	Bewitched Widowmaker	WEAPON	8850	This sword was enchanted for you by the enchantress Beatrice.
10910	Blessed Widowmaker	WEAPON	8900	This sword was blessed in the temple of the Northern gods.
10911	Bewitched Dragon Slayer	WEAPON	6300	This sword was enchanted for you by the enchantress Magnolia.
10912	Bewitched Dragon Slayer	WEAPON	6300	This sword was enchanted for you by the enchantress Magnolia.
10913	Bewitched Dragon Slayer	WEAPON	6300	This sword was enchanted for you by the enchantress Magnolia.
10914	Bewitched Dragon Slayer	WEAPON	6350	This sword was enchanted for you by the enchantress Beatrice.
10915	Blessed Dragon Slayer	WEAPON	6400	This sword was blessed in the temple of the Northern gods.
10916	Bewitched Hunting Knife	WEAPON	1900	This blade was enchanted for you by the enchantress Magnolia.
10917	Bewitched Hunting Knife	WEAPON	1900	This blade was enchanted for you by the enchantress Magnolia.
10918	Bewitched Hunting Knife	WEAPON	1900	This blade was enchanted for you by the enchantress Magnolia.
10919	Bewitched Hunting Knife	WEAPON	1950	This blade was enchanted for you by the enchantress Beatrice.
10920	Blessed Hunting Knife	WEAPON	2000	This blade was blessed in the temple of the Northern gods.
10921	Bewitched Rock Breaker	WEAPON	7500	This weapon was enchanted for you by the enchantress Magnolia.
10922	Bewitched Rock Breaker	WEAPON	7500	This weapon was enchanted for you by the enchantress Magnolia.
10923	Bewitched Rock Breaker	WEAPON	7500	This weapon was enchanted for you by the enchantress Magnolia.
10924	Bewitched Rock Breaker	WEAPON	7550	This weapon was enchanted for you by the enchantress Beatrice.
10925	Blessed Rock Breaker	WEAPON	7600	This weapon was blessed in the temple of the Northern gods.
10926	Bewitched Thinker's Argument	WEAPON	5400	This weapon was enchanted for you by the enchantress Magnolia.
10927	Bewitched Thinker's Argument	WEAPON	5400	This weapon was enchanted for you by the enchantress Magnolia.
10928	Bewitched Thinker's Argument	WEAPON	5400	This weapon was enchanted for you by the enchantress Magnolia.
10929	Bewitched Thinker's Argument	WEAPON	5450	This weapon was enchanted for you by the enchantress Beatrice.
10930	Blessed Thinker's Argument	WEAPON	5500	This weapon was blessed in the temple of the Northern gods.
10931	Bewitched Bloodsucker	WEAPON	4600	This sword was enchanted for you by the enchantress Magnolia.
10932	Bewitched Bloodsucker	WEAPON	4600	This sword was enchanted for you by the enchantress Magnolia.
10933	Bewitched Bloodsucker	WEAPON	4600	This sword was enchanted for you by the enchantress Magnolia.
10934	Bewitched Bloodsucker	WEAPON	4650	This sword was enchanted for you by the enchantress Beatrice.
10935	Blessed Bloodsucker	WEAPON	4700	This sword was blessed in the temple of the Northern gods.
10936	Bewitched Killing Power	WEAPON	9500	This weapon was enchanted for you by the enchantress Magnolia.
10937	Bewitched Killing Power	WEAPON	9500	This weapon was enchanted for you by the enchantress Magnolia.
10938	Bewitched Killing Power	WEAPON	9500	This weapon was enchanted for you by the enchantress Magnolia.
10939	Bewitched Killing Power	WEAPON	9550	This weapon was enchanted for you by the enchantress Beatrice.
10940	Blessed Killing Power	WEAPON	9600	This weapon was blessed in the temple of the Northern gods.
10941	Bewitched Sacrifice	WEAPON	-1	This sword was enchanted for you by the enchantress Magnolia.
10942	Bewitched Sacrifice	WEAPON	-1	This sword was enchanted for you by the enchantress Magnolia.
10943	Bewitched Sacrifice	WEAPON	-1	This sword was enchanted for you by the enchantress Magnolia.
10944	Bewitched Sacrifice	WEAPON	-1	This sword was enchanted for you by the enchantress Beatrice.
10945	Blessed Sacrifice	WEAPON	-1	This sword was blessed in the temple of the Northern gods.
10946	Bewitched Orc Axe	WEAPON	2200	This weapon was enchanted for you by the enchantress Magnolia.
10947	Bewitched Orc Axe	WEAPON	2200	This weapon was enchanted for you by the enchantress Magnolia.
10948	Bewitched Orc Axe	WEAPON	2200	This weapon was enchanted for you by the enchantress Magnolia.
10949	Bewitched Orc Axe	WEAPON	2250	This weapon was enchanted for you by the enchantress Beatrice.
10950	Blessed Orc Axe	WEAPON	2300	This weapon was blessed in the temple of the Northern gods.
10951	Bewitched Soulcatcher	WEAPON	17600	This sword was enchanted for you by the enchantress Magnolia.
10952	Bewitched Soulcatcher	WEAPON	17600	This sword was enchanted for you by the enchantress Magnolia.
10953	Bewitched Soulcatcher	WEAPON	17600	This sword was enchanted for you by the enchantress Magnolia.
10954	Bewitched Soulcatcher	WEAPON	17650	This sword was enchanted for you by the enchantress Beatrice.
10955	Blessed Soulcatcher	WEAPON	17700	This sword was blessed in the temple of the Northern gods.
10956	Bewitched Wolfish Ferocity	WEAPON	12500	This blade was enchanted for you by the enchantress Magnolia.
10957	Bewitched Wolfish Ferocity	WEAPON	12500	This blade was enchanted for you by the enchantress Magnolia.
10958	Bewitched Wolfish Ferocity	WEAPON	12500	This blade was enchanted for you by the enchantress Magnolia.
10959	Bewitched Wolfish Ferocity	WEAPON	12550	This blade was enchanted for you by the enchantress Beatrice.
10960	Blessed Wolfish Ferocity	WEAPON	12600	This blade was blessed in the temple of the Northern gods.
10961	Bewitched Staff of Madman	WEAPON	3900	This staff was enchanted for you by the magician Ronald.
10962	Bewitched Staff of Madman	WEAPON	3900	This staff was enchanted for you by the magician Ronald.
10963	Bewitched Staff of Madman	WEAPON	3900	This staff was enchanted for you by the magician Ronald.
10964	Bewitched Satisfier	WEAPON	14500	This bow was enchanted for you by the magician Ronald.
10965	Bewitched Satisfier	WEAPON	14500	This bow was enchanted for you by the magician Ronald.
10966	Bewitched Satisfier	WEAPON	14500	This bow was enchanted for you by the magician Ronald.
10967	Bewitched Giver of Slumber	WEAPON	9400	This wand was enchanted for you by the magician Ronald.
10968	Bewitched Giver of Slumber	WEAPON	9400	This wand was enchanted for you by the magician Ronald.
10969	Bewitched Giver of Slumber	WEAPON	9400	This wand was enchanted for you by the magician Ronald.
10970	Bewitched Baffle	WEAPON	6900	This wand was enchanted for you by the magician Ronald.
10971	Bewitched Baffle	WEAPON	6900	This wand was enchanted for you by the magician Ronald.
10972	Bewitched Baffle	WEAPON	6900	This wand was enchanted for you by the magician Ronald.
10973	Bewitched Staff of Balthasar	WEAPON	19500	This staff was enchanted for you by the magician Ronald.
10974	Bewitched Staff of Balthasar	WEAPON	19500	This staff was enchanted for you by the magician Ronald.
10975	Bewitched Staff of Balthasar	WEAPON	19500	This staff was enchanted for you by the magician Ronald.
10976	Bewitched Wall-Punch	WEAPON	10000	This staff was enchanted for you by the magician Ronald.
10977	Bewitched Wall-Punch	WEAPON	10000	This staff was enchanted for you by the magician Ronald.
10978	Bewitched Wall-Punch	WEAPON	10000	This staff was enchanted for you by the magician Ronald.
10979	Bewitched Whirl of Death	WEAPON	25500	This staff was enchanted for you by the magician Ronald.
10980	Bewitched Whirl of Death	WEAPON	25500	This staff was enchanted for you by the magician Ronald.
10981	Bewitched Whirl of Death	WEAPON	25500	This staff was enchanted for you by the magician Ronald.
10982	Drink stock	general	-1	The drink stock that you managed to save.
10983	Heart of Oberon	general	-1	The heart of an unfortunate immortal.
10984	Ginerva artifact	necklace	-1	The artifact that the immortal sorceress gave you.
10985	Vomit Cleaner	WEAPON	4700	A sickening-looking weapon, the enemies will obviously be afraid to get hit by it.
10986	Punisher's Horn	WEAPON	7000	Now the bad guys will be held accountable to you for their bad behavior!
10987	Slimethrower	WEAPON	3300	It's disgusting to even hold this thing in your hands!
10988	Damn wool	cloak	12000	It still retains the spirit of brutality and bloodthirstiness.
10989	Skull of Oberon	SHIELD	4000	Endless years of rage are now in your hands.
10990	Armorbra	armor_chest	19000	This is a very specific armor, I wonder what Sansa bought it for?
10991	Gentleman's boots	armor_feet	10800	You look great in them, and if anything happens, you can quickly escape.
10992	Coat of Arms Shield	SHIELD	7200	It looks great and can save your life more than once.
10993	Holiday hat	armor_head	490	At least you'll look great in it.
10994	Magic Photoalbum	SCROLL	-1	Sansa obviously tried very hard to impress your imagination with her skill and body in these magical pictures.
10995	Perfect Impressive Dignity	WEAPON	17600	Imbued with divine power, this sword became even more powerful.
10996	Divine Dildo	WEAPON	3565	Imbued with divine power, this sword became even more powerful.
10997	Scroll of wisdom: Greatness-1	general	1	One day, while walking home, the Magister accidentally met a young magician who asked him: Give me a powerful weapon!
10998	Scroll of wisdom: Greatness-2	general	1	Magister picked up a branch from the ground and handed it to him. But this is an ordinary stick! - magician exclaimed with displeasure.
10999	Scroll of wisdom: Greatness-3	general	1	Magister waved this branch and hill by road was blown away by the wind! And then magician realized that greatness is not in things, it is in ourselves.
11000	Scroll of wisdom: Improvement-1	general	1	One day, a little pony found a tree with a golden apple growing on it, but it was hanging high, and no matter how hard he tried, he couldn't reach it.
11001	Scroll of wisdom: Improvement-2	general	1	And at that time, Magister, who was on his way to the tavern, passed by. The pony noticed Him and began to look at him piteously.
11002	Scroll of wisdom: Improvement-3	general	1	Then Magister stopped, picked an apple and began to eat it, saying: Don't expect anyone to help you, become stronger so you can do it yourself!
11003	Scroll of wisdom: Reconciliation-1	general	1	Once Magister met a husband and wife on the road, who sold a cow and divided the coins equally, but could not decide who would get the last remaining coin.
11004	Scroll of wisdom: Reconciliation-2	general	1	Magister took this coin, looked at it and said: If the power is in the truth, then the one who is strong is right!
11005	Scroll of wisdom: Reconciliation-3	general	1	Okay, - husband replied, hitting his wife on head with all his might and taking all coins. Magister gave him a coin and walked on, smiling that he was able to resolve conflict.
11006	Scroll of wisdom: Vigilance-1	general	1	One day Magister came across a house, next to which on a hill he saw the owner kneeling in front of a pillar. What are you doing?  - Magister asked him.
11007	Scroll of wisdom: Vigilance-2	general	1	I pray to my gods, they will protect me and my family from any troubles and misfortunes! - that replied. Okay, - said Magister.
11008	Scroll of wisdom: Vigilance-3	general	1	He entered owner's house, killed his parents, raped wife, children, took all valuable and returned, - Well, did your gods protect you? No? So, need to rely only on yourself!
11009	Scroll of wisdom: Justice-1	general	1	Magister was passing through a village one day, and a young peasant woman came out of the courtyard to him.
11010	Scroll of wisdom: Justice-2	general	1	She began to complain that all their men were taken into army, robbers constantly come to rob and rape, King takes a large tax from them, but does not protect them.
11011	Scroll of wisdom: Justice-3	general	1	Why are we being treated so unfairly?! - she exclaimed. Magister thought about it and replied: Because you don't have a dick.
11012	Scroll of wisdom: Absoluteness-1	general	1	One day, Magister was walking past the cemetery from a tavern, and suddenly he had a strong urge to go to the toilet.
11013	Scroll of wisdom: Absoluteness-2	general	1	He sat down next to the grave, pulled off his underpants, and then a ghost appears in front of him and angrily says: Don't do that here!
11014	Scroll of wisdom: Absoluteness-3	general	1	But Magister answers him: We all obey the laws of the universe, no one can resist them, neither the living nor the dead! - and continued to shit.
11015	Branch	general	1	An ordinary-looking branch.
11016	Apple core	general	1	It must have been delicious.
11017	Gold coin	general	1	A coin clearly minted elsewhere.
11018	Wooden idol	general	1	A statuette depicting a muscular man.
11019	Wooden cock	general	1	Someone very carefully carved.
11020	Mighty Power	WEAPON	10100	It's impossible to become omnipotent, but can try to get a little closer to it.
11021	Thunderbolt	WEAPON	7000	If you are the strongest, those around you will have no complaints about you.
11022	Rainbow Rainbow	WEAPON	8000	There is no limit to development, there is only a limitation of desire and will!
11023	Flaming Fire	WEAPON	11500	Don't rely on empty idols, trust real power.
11024	Righteous Truth	WEAPON	8500	If there is lawlessness around, do not wait for changes, but put things in order yourself.
11025	Ruinous Ruiner	WEAPON	6500	We are all equal in the order of the universe itself.
11026	Crushing Space Firebolt	WEAPON	15000	Once he managed to catch lightning, now it's in your hands!
11027	Feeding Thirst for Blood	WEAPON	9000	The destruction of enemies reaches a new level.
11028	Fatally Charged Murderer	WEAPON	12100	The energy trapped in steel will become a nightmare for your opponents.
11029	Armored Robe of Adept	armor_chest	9000	At least they learned how to dress well by imitating their idolize.
11030	Insulating Robe of Adept	armor_chest	9800	At least they learned how to dress well by imitating their idolize.
11031	Scaly Robe of Adept	armor_chest	9900	At least they learned how to dress well by imitating their idolize.
11032	Fireproof Robe of Adept	armor_chest	9200	At least they learned how to dress well by imitating their idolize.
11033	Charmed Robe of Adept	armor_chest	9400	At least they learned how to dress well by imitating their idolize.
11034	Ring of Dead Adept	ring	7500	How does a ghost manage to wear armor, rings, and the rest?
11035	Black underpants	general	0	Someone's black men's underpants are not the first freshness with the image of a muscular man.
11036	Armor from Adaonium	armor_chest	14600	The armor is light and fragile in appearance, but the strange material it is made of is much stronger than it looks.
11037	Armor from Adaonium	armor_legs	10900	The armor is light and fragile in appearance, but the strange material it is made of is much stronger than it looks.
11038	Fresh food	general	-1	Well, it looks and tastes no different from regular meat, if don't know the catch.
11039	Seven-league boots	armor_feet	4000	Your feet won't get tired in these boots, no matter how many miles you walk.
11040	Protector of Steppe people	SHIELD	6000	The ancient magic of the guardian of this people is still strong.
11041	Meat Cleaver	WEAPON	700	And it's also good for a fight.
11042	Thorn of Snowstorm	WEAPON	15000	A good, enchanted blade preserved from ancient times.
11043	Forest Jacket	armor_chest	9800	A great choice for traveling in the wilderness.
11044	Forest Leggings	armor_legs	9500	A great choice for traveling in the wilderness.
11045	Forest Gauntlets	armor_arms	9200	A great choice for traveling in the wilderness.
11046	Forest Boots	armor_feet	8400	A great choice for traveling in the wilderness.
11047	Forest Hood	armor_head	8700	A great choice for traveling in the wilderness.
11048	Raging Deathraze	WEAPON	19900	Your enemies don't know yet, but once you pick up this weapon, they're already dead.
11049	Sting of parasite	WEAPON	9700	This little bastard won't be able to sting anyone anymore!
11050	Valor of North	WEAPON	10200	The blade of the masters of the North with strong enchantment.
11051	Iridescent Armor	armor_chest	8600	It is made of plates of unusual metal with some kind of luminous inserts.
11052	Lightning Firefly	WEAPON	2500	A bow made of a strange material, with lights wandering on it, shooting energy flashes instead of arrows.
11053	Card 1	general	-1	A strange thing made of an unknown material with the inscription: admission level 1.
11054	Card 2	general	-1	A strange thing made of an unknown material with the inscription: admission level 2.
11055	Bewitched Mighty Power	WEAPON	10600	This staff was enchanted for you by the magician Ronald.
11056	Bewitched Mighty Power	WEAPON	10600	This staff was enchanted for you by the magician Ronald.
11057	Bewitched Mighty Power	WEAPON	10600	This staff was enchanted for you by the magician Ronald.
11058	Armorbra	armor_chest	19200	This is a very specific armor, I wonder what Sansa bought it for?
11059	Armored Robe of Adept	armor_chest	9200	At least they learned how to dress well by imitating their idolize.
11060	Insulating Robe of Adept	armor_chest	10000	At least they learned how to dress well by imitating their idolize.
11061	Scaly Robe of Adept	armor_chest	10100	At least they learned how to dress well by imitating their idolize.
11062	Fireproof Robe of Adept	armor_chest	9400	At least they learned how to dress well by imitating their idolize.
11063	Charmed Robe of Adept	armor_chest	9600	At least they learned how to dress well by imitating their idolize.
11064	Armor from Adaonium	armor_chest	14800	The armor is light and fragile in appearance, but the strange material it is made of is much stronger than it looks.
11065	Armor from Adaonium	armor_legs	11100	The armor is light and fragile in appearance, but the strange material it is made of is much stronger than it looks.
11066	Forest Jacket	armor_chest	10000	A great choice for traveling in the wilderness.
11067	Forest Leggings	armor_legs	9700	A great choice for traveling in the wilderness.
11068	Iridescent Armor	armor_chest	8800	It is made of plates of unusual metal with some kind of luminous inserts.
11069	Broken Medallion	general	-1	A cracked medallion bearing faded solar engravings. It hums faintly when touched.
11070	Solar Relic	general	-1	An ancient relic radiating holy solar energy. It was guarded by a powerful undead knight.
11071	Medallion of the Solar Crusade	necklace	-1	A restored holy medallion of immense power. It burns with the light of a thousand suns, warding off darkness.
10055	Sealed Fractured Heart	necklace	-1	A mysterious pendant containing a fragment of ancient power. Its surface pulses with faint warmth.
10056	Arcane Focus Ring	ring	-1	A ring imbued with arcane energy, sharpening the wearer's magical precision.
10057	Crimson Spark Band	ring	-1	A band crackling with elemental fire, granting its wearer resistance to flames.
