# Russian -> English for the MP mod's text (deobf/MP_ENGLISH_SPEC.md). ru<TAB>en, one line each; exact match on the trimmed text cell.
Слушаюсь и повинуюсь.	Hear and obey.
Привет, вы случайно не знаете, где мы можем найти волшебника по имени Дженод?	Hello. Would you happen to know where we can find a wizard named Janod?
На севере я наткнулся на тело волшебницы, при которой имелся дневник, в нём она писала, что пыталась найти какого-то рыцаря, предупредить об опасности и передать ему этот плащ, возможно вы знаете хозяина этого плаща?	Up north I came across the body of a sorceress. She carried a diary: she was trying to find a certain knight, to warn him of some danger and give him this cloak. Maybe you know who owns it?
[BLUE](С помощью грубой силы надеть на него ошейник подчинения)[]	[BLUE](Using brute force to put a collar of submission on him)[]
[BLUE](Незаметно и быстро надеть на него ошейник подчинения)[]	[BLUE](Imperceptibly and quickly put a collar of submission on him)[]
[BLUE](Хитростью заставить его надеть ошейник подчинения)[]	[BLUE](By tricking him into putting on a collar of submission)[]
[BLUE](Как только ошейник защёлкивается на шее, магия берёт его под контроль)[]	[BLUE](As soon as the collar snaps on the neck, the magic takes control of it)[]
Молодец.	Well done.
[BLUE](Снять с него ошейник подчинения)[]	[BLUE](Take off his collar of submission)[]
Хм, этот плащ выглядит знакомым мне, кажется он принадлежит сэру Дэмиену, которого, как раз таки, я отправил на важное поручение пару дней назад, с тех пор от него нет никаких вестей.	Hmm, this cloak looks familiar. I believe it belongs to Sir Damian, whom I sent on an important errand a couple of days ago. There has been no word from him since.
Возможно, с ним случилось что-то не хорошее.	Perhaps something bad has happened to him.
Боюсь, что это так. Поэтому, не могли бы вы исполнить мою просьбу и отыскать этого рыцаря. В той местности, где вы наткнулись на тело волшебницы, или в соседней местности, может быть вам удастся найти какие-нибудь следы его пребывания.	I fear so. Would you do me a favour and find this knight? Where you came across the sorceress's body, or somewhere nearby, you might find some trace of him.
Я постараюсь отыскать его.	I'll try to find him.
Дженод? Я не знаю никого с подобным именем.	Janod? I don't know anyone by that name.
Привет.	Hello.
[BLUE](The man smiles)[] Смотря какой зверь. We pay shiny impiri gold for strong beast pelts. You have?	[BLUE](The man smiles)[] Depends what beast. We pay shiny impiri gold for strong beast pelts. You have?
